label,lat,lon,year,note
Pella,40.76,22.52,-336.0,Alexander becomes king of Macedon (336 BC)
Crosses the Hellespont,40.19,26.40,-333.75,Spring 334 BC
Granicus,40.25,27.24,-333.67,Battle of the Granicus (May 334 BC)
Sardis,38.49,28.04,-333.6,334 BC
Miletus,37.53,27.28,-333.5,Siege of Miletus (334 BC)
Halicarnassus,37.04,27.42,-333.25,Siege of Halicarnassus (334 BC)
Gordium,39.65,31.98,-332.75,The Gordian knot (spring 333 BC)
Issus,36.84,36.18,-332.15,Battle of Issus (November 333 BC)
Tyre,33.27,35.20,-331.5,Siege of Tyre (January–July 332 BC)
Gaza,31.50,34.47,-331.25,Siege of Gaza (332 BC)
Memphis,29.85,31.25,-331.1,Egypt submits (late 332 BC)
Alexandria,31.20,29.92,-330.9,Alexandria founded (331 BC)
Siwa,29.20,25.52,-330.85,Oracle of Amun at Siwa (331 BC)
Gaugamela,36.36,43.25,-330.2,Battle of Gaugamela (1 October 331 BC)
Babylon,32.54,44.42,-330.15,Babylon surrenders (331 BC)
Susa,32.19,48.25,-330.05,331 BC
Persepolis,29.93,52.89,-329.9,Persepolis burned (330 BC)
Ecbatana,34.80,48.52,-329.6,330 BC
Bactra,36.76,66.90,-328.6,329 BC
Maracanda,39.65,66.96,-328.4,Samarkand (329 BC)
Alexandria Eschate,40.28,69.62,-328.3,Founded on the Jaxartes (329 BC)
Sogdian Rock,38.60,67.60,-326.8,Taken; marries Roxana (327 BC)
Taxila,33.74,72.79,-325.8,326 BC
Hydaspes,32.95,73.73,-325.6,Battle of the Hydaspes (May 326 BC)
Hyphasis,31.50,75.00,-325.3,The army refuses to go on (326 BC)
Patala,25.40,68.40,-324.6,Indus delta (325 BC)
Gedrosian desert,26.00,62.50,-324.3,The desert march (325 BC)
Pura,27.20,60.68,-324.1,325 BC
Susa,32.19,48.25,-323.8,The Susa weddings (324 BC)
Babylon,32.54,44.42,-322.5,Alexander dies (June 323 BC)
