label,lat,lon,year,note
Horn of Africa,9,42,-70000,"70,000 years ago (approx.)"
Bab-el-Mandeb,12.6,43.3,-65000,"65,000 years ago (approx.)"
South Arabia,15,50,-62000,"62,000 years ago (approx.)"
Strait of Hormuz,26.5,56.3,-60000,"60,000 years ago (approx.)"
Indus,25,67,-58000,"58,000 years ago (approx.)"
South India,12,78,-56000,"56,000 years ago (approx.)"
Bengal,22,90,-54000,"54,000 years ago (approx.)"
Malay Peninsula,5,101,-52000,"52,000 years ago (approx.)"
Sunda,-2,110,-51000,"51,000 years ago (approx.)"
Timor,-9,125,-50500,"50,500 years ago (approx.)"
Sahul,-12.5,132.9,-50000,"50,000 years ago (approx.)"
